training_id,title,theme,org_id,state_id,district_id,start_date,end_date,lat,lon,capacity,status
de19a7b1-2638-4add-a39b-9224c3e48ea8,Shimla Medical First Aid Workshop,Medical First Aid,9c4a5b04-aef9-47cb-8de2-95d65e4477fd,6,22,2024-09-28,2024-09-30,31.142962,77.216947,26,COMPLETED
94f65715-a767-4856-b05c-9bc4ba6be581,Amritsar Cyclone Evacuation Workshop,Cyclone Evacuation,10efda5e-4160-4111-a294-09c6c841609f,1,3,2024-01-25,2024-01-29,31.633804,74.917733,130,COMPLETED
cd8cc1fc-0c01-48f7-a31d-5e2d0bf75400,Patiala Flood Preparedness Workshop,Flood Preparedness,10efda5e-4160-4111-a294-09c6c841609f,1,2,2024-01-06,2024-01-10,30.305119,76.413345,112,COMPLETED
30a7817e-2ab4-4e0e-8300-61d5c24c80cf,Nashik Cyclone Evacuation Workshop,Cyclone Evacuation,10efda5e-4160-4111-a294-09c6c841609f,5,21,2024-09-03,2024-09-07,19.985068,73.812203,43,COMPLETED
0f095573-3045-443b-8de3-215cdee4365e,Bhubaneswar Fire Safety Workshop,Fire Safety,10efda5e-4160-4111-a294-09c6c841609f,3,10,2024-02-13,2024-02-17,20.260375,85.81115,67,COMPLETED
4c83d9e8-8562-48a2-837f-bbd8f33aeb92,Dibrugarh Fire Safety Workshop,Fire Safety,9c4a5b04-aef9-47cb-8de2-95d65e4477fd,2,8,2024-02-13,2024-02-15,27.440201,94.908309,36,COMPLETED
1abe5c1d-5a26-454b-b988-90303d099d7f,Wayanad Fire Safety Workshop,Fire Safety,8733ecb2-4640-463f-8656-a3f88f619d8c,4,17,2024-07-30,2024-07-31,11.709643,76.169395,32,COMPLETED
8a2ef3c1-43a6-46f9-8e02-354bdc522281,Pune Medical First Aid Workshop,Medical First Aid,8d0db76c-0930-4117-ae69-724eb1a180b9,5,19,2024-05-21,2024-05-23,18.514798,73.808277,99,COMPLETED
9b839bc9-0944-49f6-8d28-96c182af085b,Cuttack Medical First Aid Workshop,Medical First Aid,a39afcd1-736c-422d-a44f-512c6738a20a,3,11,2024-04-30,2024-05-01,20.446898,85.895721,42,COMPLETED
7a5abb04-68aa-41d3-9884-917813426b49,Dharamshala Earthquake Response Workshop,Earthquake Response,a95531b8-5c4f-49cb-90d9-da081ad1c8c5,6,24,2024-08-17,2024-08-18,32.185148,76.291523,140,COMPLETED
13b194fa-195d-4f66-9025-32827a2a896a,Thiruvananthapuram Medical First Aid Workshop,Medical First Aid,a39afcd1-736c-422d-a44f-512c6738a20a,4,14,2024-07-05,2024-07-06,8.50619,76.958872,133,COMPLETED
af9e50d8-fa67-4d2f-bf01-a67a5c03aa28,Ludhiana Medical First Aid Workshop,Medical First Aid,8d0db76c-0930-4117-ae69-724eb1a180b9,1,1,2024-06-10,2024-06-12,30.900093,75.903493,139,COMPLETED
bc337608-3e72-4b60-a0a1-80c8d72058f1,Shimla Fire Safety Workshop,Fire Safety,9c4a5b04-aef9-47cb-8de2-95d65e4477fd,6,22,2024-04-09,2024-04-10,31.099443,77.195101,43,COMPLETED
c4522ea0-60f2-4c67-ad72-cc710066a203,Kozhikode Earthquake Response Workshop,Earthquake Response,a95531b8-5c4f-49cb-90d9-da081ad1c8c5,4,16,2024-12-17,2024-12-21,11.237721,75.762657,58,COMPLETED
d43d0e6e-7909-4872-9ee2-63e9545bc6dd,Thiruvananthapuram Search & Rescue Workshop,Search & Rescue,8d0db76c-0930-4117-ae69-724eb1a180b9,4,14,2024-01-25,2024-01-27,8.542562,76.975358,26,COMPLETED
221b8ac1-1091-4bc6-965e-430595030a09,Dibrugarh Cyclone Evacuation Workshop,Cyclone Evacuation,8d0db76c-0930-4117-ae69-724eb1a180b9,2,8,2024-06-08,2024-06-10,27.520625,94.906607,55,COMPLETED
0cffc5b4-039c-48d1-81b5-eee25c477668,Patiala Earthquake Response Workshop,Earthquake Response,8733ecb2-4640-463f-8656-a3f88f619d8c,1,2,2024-01-05,2024-01-06,30.309591,76.358978,117,COMPLETED
2d92f9a2-a052-4298-abb2-490d8a526661,Pune Cyclone Evacuation Workshop,Cyclone Evacuation,8733ecb2-4640-463f-8656-a3f88f619d8c,5,19,2024-07-27,2024-08-01,18.525671,73.877521,63,COMPLETED
076908b6-5fb7-4688-b04e-f00898ad94d8,Amritsar Community Response Workshop,Community Response,a95531b8-5c4f-49cb-90d9-da081ad1c8c5,1,3,2024-10-17,2024-10-18,31.653553,74.900992,121,COMPLETED
5985785b-b036-4bce-b27c-ef80b7d37ca5,Ludhiana Cyclone Evacuation Workshop,Cyclone Evacuation,10efda5e-4160-4111-a294-09c6c841609f,1,1,2024-09-19,2024-09-24,30.93822,75.822569,58,COMPLETED
f7f2977c-146d-4603-8f91-5ee9d7fbbdea,Dharamshala Flood Preparedness Workshop,Flood Preparedness,8733ecb2-4640-463f-8656-a3f88f619d8c,6,24,2024-05-14,2024-05-19,32.249764,76.315021,144,COMPLETED
374dd07e-3829-49ee-b369-95fdabecca3a,Cuttack Search & Rescue Workshop,Search & Rescue,8d0db76c-0930-4117-ae69-724eb1a180b9,3,11,2024-08-29,2024-09-03,20.48281,85.85105,123,COMPLETED
d7da5aec-e4f6-4d49-95a0-a8b9449b3ba2,Silchar Medical First Aid Workshop,Medical First Aid,d4a716a8-980d-427a-a459-cdc98c0de4fc,2,7,2024-10-28,2024-10-29,24.853435,92.779879,98,COMPLETED
df1f3b6a-bcbf-4068-bd2c-358e756730ee,Wayanad Search & Rescue Workshop,Search & Rescue,10efda5e-4160-4111-a294-09c6c841609f,4,17,2024-11-24,2024-11-25,11.689015,76.082459,45,COMPLETED
421be5a3-fcf4-4a9d-8e42-ee0546f4b221,Bhubaneswar Landslide Rescue Workshop,Landslide Rescue,8733ecb2-4640-463f-8656-a3f88f619d8c,3,10,2024-09-18,2024-09-19,20.267793,85.845318,53,COMPLETED
5b0829d3-ea5b-4005-a252-0d4c77f688a4,Thiruvananthapuram Fire Safety Workshop,Fire Safety,8d0db76c-0930-4117-ae69-724eb1a180b9,4,14,2024-06-10,2024-06-11,8.491588,76.95624,26,COMPLETED
9378be08-a008-4d5d-a1a3-542bfa7a0aed,Pune Earthquake Response Workshop,Earthquake Response,9c4a5b04-aef9-47cb-8de2-95d65e4477fd,5,19,2024-12-20,2024-12-24,18.539914,73.841061,141,COMPLETED
c96b8e6d-91fd-4a74-89fc-555dd20925e0,Dibrugarh Medical First Aid Workshop,Medical First Aid,9c4a5b04-aef9-47cb-8de2-95d65e4477fd,2,8,2024-07-30,2024-08-04,27.454457,94.930241,40,COMPLETED
8273dcd9-aca1-4870-9055-4caeb455631c,Nashik Flood Preparedness Workshop,Flood Preparedness,9c4a5b04-aef9-47cb-8de2-95d65e4477fd,5,21,2024-09-20,2024-09-22,20.037425,73.784823,144,COMPLETED
87babe30-fff4-41cc-aa7b-58c7f070858f,Mandi Fire Safety Workshop,Fire Safety,9c4a5b04-aef9-47cb-8de2-95d65e4477fd,6,25,2024-09-19,2024-09-20,31.617434,76.919903,25,COMPLETED
a9809bd5-3ec1-473a-ad50-87316cf31ccb,Pune Flood Preparedness Workshop,Flood Preparedness,a95531b8-5c4f-49cb-90d9-da081ad1c8c5,5,19,2024-11-06,2024-11-11,18.494097,73.807239,129,COMPLETED
99b78c66-e033-435b-ba29-f0d6c58db245,Pune Medical First Aid Workshop,Medical First Aid,a95531b8-5c4f-49cb-90d9-da081ad1c8c5,5,19,2024-11-02,2024-11-04,18.566642,73.893091,118,COMPLETED
161996ba-6e2f-46a5-801f-b9a7e7a89648,Dharamshala Flood Preparedness Workshop,Flood Preparedness,d4a716a8-980d-427a-a459-cdc98c0de4fc,6,24,2024-01-12,2024-01-16,32.184049,76.292274,56,COMPLETED
b2c6bfcb-241b-4d45-99bf-c2ef7c5e0320,Kozhikode Community Response Workshop,Community Response,9c4a5b04-aef9-47cb-8de2-95d65e4477fd,4,16,2024-11-23,2024-11-25,11.283809,75.79895,136,COMPLETED
39694e73-00cb-468f-b883-cd236adf9e68,Guwahati Medical First Aid Workshop,Medical First Aid,a95531b8-5c4f-49cb-90d9-da081ad1c8c5,2,6,2024-03-09,2024-03-11,26.172934,91.687032,130,COMPLETED
3f65e09e-2a07-464c-8e9e-70ed5824845b,Manali Community Response Workshop,Community Response,a95531b8-5c4f-49cb-90d9-da081ad1c8c5,6,23,2024-02-12,2024-02-16,32.228484,77.178079,121,COMPLETED
c2a00ca1-c6c3-4f6a-8927-01007b9c4b99,Pune Medical First Aid Workshop,Medical First Aid,d4a716a8-980d-427a-a459-cdc98c0de4fc,5,19,2024-10-27,2024-10-31,18.526109,73.886981,35,COMPLETED
abae2d84-cca9-4f95-92e0-1dc32a264cc2,Silchar Community Response Workshop,Community Response,a39afcd1-736c-422d-a44f-512c6738a20a,2,7,2024-10-29,2024-11-02,24.814514,92.762507,26,COMPLETED
9a3caeae-739d-4b7e-820a-02cd987a3574,Dharamshala Flood Preparedness Workshop,Flood Preparedness,8d0db76c-0930-4117-ae69-724eb1a180b9,6,24,2024-09-22,2024-09-24,32.174475,76.349688,47,COMPLETED
a3c5b763-f542-4807-b498-38fb2cbd17b6,Guwahati Search & Rescue Workshop,Search & Rescue,a39afcd1-736c-422d-a44f-512c6738a20a,2,6,2024-01-03,2024-01-04,26.185657,91.709533,146,COMPLETED
afaa374f-a86d-47ec-b073-bfecb00977d1,Patiala Flood Preparedness Workshop,Flood Preparedness,10efda5e-4160-4111-a294-09c6c841609f,1,2,2024-06-30,2024-07-02,30.32328,76.4298,94,COMPLETED
81e0b5a4-36a9-4a5c-b6fc-04a851be0fe9,Manali Landslide Rescue Workshop,Landslide Rescue,9c4a5b04-aef9-47cb-8de2-95d65e4477fd,6,23,2024-11-23,2024-11-27,32.193894,77.14471,81,COMPLETED
5324a01f-525a-4c8c-9dcb-d766d0cd02d4,Nagpur Earthquake Response Workshop,Earthquake Response,9c4a5b04-aef9-47cb-8de2-95d65e4477fd,5,20,2024-10-07,2024-10-08,21.165833,79.066203,113,COMPLETED
abd0daab-85a1-4020-8506-80bede6607e3,Ludhiana Flood Preparedness Workshop,Flood Preparedness,10efda5e-4160-4111-a294-09c6c841609f,1,1,2024-03-28,2024-03-31,30.897315,75.816322,115,COMPLETED
185a14d6-5e34-480e-85cc-e061b7ac1c1e,Pune Fire Safety Workshop,Fire Safety,a39afcd1-736c-422d-a44f-512c6738a20a,5,19,2024-05-02,2024-05-03,18.477976,73.829121,44,COMPLETED
846c77ee-ebe5-46aa-b841-10202e313c34,Pune Landslide Rescue Workshop,Landslide Rescue,10efda5e-4160-4111-a294-09c6c841609f,5,19,2024-06-01,2024-06-02,18.518449,73.849413,118,COMPLETED
aa51cd48-077a-41a1-8376-962784db5e4a,Kozhikode Cyclone Evacuation Workshop,Cyclone Evacuation,10efda5e-4160-4111-a294-09c6c841609f,4,16,2024-03-20,2024-03-24,11.210477,75.78138,93,COMPLETED
e848d7be-6562-42ca-88b7-261232c03e07,Pune Medical First Aid Workshop,Medical First Aid,8733ecb2-4640-463f-8656-a3f88f619d8c,5,19,2024-11-23,2024-11-26,18.478406,73.809573,39,COMPLETED
8fdd835e-9f06-4f42-9811-2b4bb7c995e7,Bhubaneswar Fire Safety Workshop,Fire Safety,10efda5e-4160-4111-a294-09c6c841609f,3,10,2024-01-17,2024-01-19,20.310249,85.841049,75,COMPLETED
1eaaeb44-8a04-4024-acea-491c2e2a02f7,Kochi Search & Rescue Workshop,Search & Rescue,8d0db76c-0930-4117-ae69-724eb1a180b9,4,15,2024-02-29,2024-03-02,9.902703,76.267637,28,COMPLETED
87e5e388-c127-4205-a801-09657040f6d6,Jalandhar Flood Preparedness Workshop,Flood Preparedness,8d0db76c-0930-4117-ae69-724eb1a180b9,1,5,2024-08-11,2024-08-13,31.364372,75.586519,96,COMPLETED
74fcf43f-9c2a-4782-881e-6488525c6eea,Amritsar Medical First Aid Workshop,Medical First Aid,8d0db76c-0930-4117-ae69-724eb1a180b9,1,3,2024-04-08,2024-04-11,31.592258,74.882251,67,COMPLETED
e745bf31-909e-435d-b182-8dce9bd59480,Dibrugarh Cyclone Evacuation Workshop,Cyclone Evacuation,a95531b8-5c4f-49cb-90d9-da081ad1c8c5,2,8,2024-03-09,2024-03-10,27.502121,94.933402,24,COMPLETED
47ecacb9-16cf-46fe-9f6f-541d803a5952,Dharamshala Community Response Workshop,Community Response,10efda5e-4160-4111-a294-09c6c841609f,6,24,2024-09-05,2024-09-09,32.169978,76.338225,35,COMPLETED
7d6965d8-ca95-412d-9b6d-2af9d3ee4714,Mandi Landslide Rescue Workshop,Landslide Rescue,8733ecb2-4640-463f-8656-a3f88f619d8c,6,25,2024-02-15,2024-02-16,31.574019,76.942659,81,COMPLETED
a79da704-d06b-43d0-8d33-aab4050d61b6,Patiala Earthquake Response Workshop,Earthquake Response,8d0db76c-0930-4117-ae69-724eb1a180b9,1,2,2024-09-25,2024-09-26,30.313197,76.433889,129,COMPLETED
2566d9f5-1b21-428d-be30-d46b94ca88d4,Wayanad Cyclone Evacuation Workshop,Cyclone Evacuation,a95531b8-5c4f-49cb-90d9-da081ad1c8c5,4,17,2024-07-11,2024-07-15,11.655004,76.147591,37,COMPLETED
5e06f144-094e-491a-870a-573ace6de73a,Guwahati Flood Preparedness Workshop,Flood Preparedness,9c4a5b04-aef9-47cb-8de2-95d65e4477fd,2,6,2024-04-04,2024-04-06,26.152275,91.767611,48,COMPLETED
fbff968a-984a-4af7-841b-1467770129bb,Kochi Flood Preparedness Workshop,Flood Preparedness,9c4a5b04-aef9-47cb-8de2-95d65e4477fd,4,15,2024-11-26,2024-11-29,9.940805,76.24649,71,COMPLETED
971dee51-3c03-445f-879d-dd1b8bfddfd7,Nashik Landslide Rescue Workshop,Landslide Rescue,8d0db76c-0930-4117-ae69-724eb1a180b9,5,21,2024-03-31,2024-04-04,19.98658,73.766047,40,COMPLETED
f0d2c2e3-8427-4dbb-ac29-289131190834,Kochi Search & Rescue Workshop,Search & Rescue,d4a716a8-980d-427a-a459-cdc98c0de4fc,4,15,2024-10-09,2024-10-14,9.966212,76.295953,56,COMPLETED
c4d2d5a9-11a8-4fcb-8f0a-fd80121c4e74,Bhubaneswar Cyclone Evacuation Workshop,Cyclone Evacuation,a95531b8-5c4f-49cb-90d9-da081ad1c8c5,3,10,2024-11-10,2024-11-11,20.301914,85.800495,28,COMPLETED
49194492-1e9e-409b-a5de-ae740ebaeaac,Kochi Cyclone Evacuation Workshop,Cyclone Evacuation,a39afcd1-736c-422d-a44f-512c6738a20a,4,15,2024-07-05,2024-07-06,9.885757,76.313484,51,COMPLETED
af3a1560-18e3-4c9b-afa3-43af63c56f6c,Balasore Search & Rescue Workshop,Search & Rescue,a39afcd1-736c-422d-a44f-512c6738a20a,3,13,2024-11-16,2024-11-20,21.48334,86.976481,111,COMPLETED
51ecd8da-4904-4521-98b7-1f30597b73fe,Mohali Landslide Rescue Workshop,Landslide Rescue,8733ecb2-4640-463f-8656-a3f88f619d8c,1,4,2024-07-14,2024-07-19,30.673355,76.753073,62,COMPLETED
a942ffb3-3b97-4832-bae3-1544f157db06,Puri Flood Preparedness Workshop,Flood Preparedness,8d0db76c-0930-4117-ae69-724eb1a180b9,3,12,2024-10-30,2024-11-03,19.83495,85.843722,98,COMPLETED
bac96642-1a76-418e-b04e-c3a0c417b844,Bhubaneswar Landslide Rescue Workshop,Landslide Rescue,8d0db76c-0930-4117-ae69-724eb1a180b9,3,10,2024-04-07,2024-04-08,20.301663,85.818152,44,COMPLETED
340a077e-da4f-45fa-bae4-2a3aedbedf2f,Mumbai Fire Safety Workshop,Fire Safety,a39afcd1-736c-422d-a44f-512c6738a20a,5,18,2024-05-08,2024-05-11,19.119048,72.860583,118,COMPLETED
694913ea-8432-44a2-8237-1277a73ef741,Mohali Cyclone Evacuation Workshop,Cyclone Evacuation,8d0db76c-0930-4117-ae69-724eb1a180b9,1,4,2024-09-07,2024-09-08,30.673325,76.680721,52,COMPLETED
7e1aece8-405c-4873-9422-071e76a8811c,Mohali Medical First Aid Workshop,Medical First Aid,9c4a5b04-aef9-47cb-8de2-95d65e4477fd,1,4,2024-12-04,2024-12-08,30.718941,76.749435,102,COMPLETED
234669d9-2678-4a98-aab5-c35d07257f38,Kochi Medical First Aid Workshop,Medical First Aid,9c4a5b04-aef9-47cb-8de2-95d65e4477fd,4,15,2024-08-17,2024-08-20,9.978853,76.229319,124,COMPLETED
af66478f-61d0-4564-bf30-dc1cb8d93134,Nashik Earthquake Response Workshop,Earthquake Response,8d0db76c-0930-4117-ae69-724eb1a180b9,5,21,2024-05-03,2024-05-08,20.028906,73.775426,109,COMPLETED
b1aa6cd7-8da0-4bc0-8e4e-bf49b1e5d216,Mandi Fire Safety Workshop,Fire Safety,d4a716a8-980d-427a-a459-cdc98c0de4fc,6,25,2024-04-20,2024-04-22,31.593422,76.965928,120,COMPLETED
0059c17a-c17b-4987-b568-fb3f55d862b0,Dibrugarh Flood Preparedness Workshop,Flood Preparedness,a95531b8-5c4f-49cb-90d9-da081ad1c8c5,2,8,2024-11-16,2024-11-17,27.440919,94.94932,64,COMPLETED
7a32dcef-74f2-4e45-907f-9d9c7246f9e7,Manali Search & Rescue Workshop,Search & Rescue,10efda5e-4160-4111-a294-09c6c841609f,6,23,2024-06-11,2024-06-16,32.242086,77.221595,34,COMPLETED
d0aab790-06f7-4ffa-ae1f-0b2d1c5d1113,Patiala Earthquake Response Workshop,Earthquake Response,10efda5e-4160-4111-a294-09c6c841609f,1,2,2024-06-09,2024-06-12,30.357206,76.40081,129,COMPLETED
ffcb8954-8952-4d79-a544-1e769e5623d2,Amritsar Earthquake Response Workshop,Earthquake Response,8d0db76c-0930-4117-ae69-724eb1a180b9,1,3,2024-07-25,2024-07-28,31.624967,74.879616,58,COMPLETED
6e3943db-0675-4ae3-b00b-64c83e9b7ae4,Patiala Medical First Aid Workshop,Medical First Aid,9c4a5b04-aef9-47cb-8de2-95d65e4477fd,1,2,2024-10-10,2024-10-12,30.38263,76.431511,149,COMPLETED
cc89ab72-6164-49e2-9074-75e6720b8b89,Wayanad Fire Safety Workshop,Fire Safety,9c4a5b04-aef9-47cb-8de2-95d65e4477fd,4,17,2024-08-13,2024-08-15,11.686857,76.139643,73,COMPLETED
7a22ef80-5aa4-49db-8dcf-fadb43abc582,Kochi Earthquake Response Workshop,Earthquake Response,8733ecb2-4640-463f-8656-a3f88f619d8c,4,15,2024-02-01,2024-02-03,9.94096,76.259657,42,COMPLETED
4ddc0c03-19c7-4698-a9ed-3042c9a220fc,Dharamshala Earthquake Response Workshop,Earthquake Response,d4a716a8-980d-427a-a459-cdc98c0de4fc,6,24,2024-06-14,2024-06-15,32.245915,76.274916,130,COMPLETED
064ced38-a4a3-4296-9497-51f1ec84762e,Thiruvananthapuram Cyclone Evacuation Workshop,Cyclone Evacuation,a95531b8-5c4f-49cb-90d9-da081ad1c8c5,4,14,2024-07-06,2024-07-07,8.529264,76.974795,21,COMPLETED
8a6e7902-7ab9-4894-875d-3dc86bf0b67c,Ludhiana Medical First Aid Workshop,Medical First Aid,9c4a5b04-aef9-47cb-8de2-95d65e4477fd,1,1,2024-05-16,2024-05-19,30.885035,75.899239,105,COMPLETED
2f2ed964-e074-44cd-8cf2-f5e76cd35bf9,Dibrugarh Search & Rescue Workshop,Search & Rescue,a95531b8-5c4f-49cb-90d9-da081ad1c8c5,2,8,2024-07-11,2024-07-13,27.487288,94.868854,86,COMPLETED
746bc9c2-488a-41ea-ad24-ea3845e118e8,Amritsar Community Response Workshop,Community Response,a95531b8-5c4f-49cb-90d9-da081ad1c8c5,1,3,2024-04-27,2024-04-30,31.667579,74.869555,73,COMPLETED
b79d3c80-c383-4096-81b8-f9b03b33bff0,Thiruvananthapuram Cyclone Evacuation Workshop,Cyclone Evacuation,10efda5e-4160-4111-a294-09c6c841609f,4,14,2024-07-07,2024-07-09,8.532944,76.980779,44,COMPLETED
29e09cbc-edb7-46db-80b5-3307e432be26,Jorhat Search & Rescue Workshop,Search & Rescue,8733ecb2-4640-463f-8656-a3f88f619d8c,2,9,2024-06-30,2024-07-02,26.722806,94.253471,33,COMPLETED
0a7dd86b-1571-4111-a0e3-f386ef5229fe,Ludhiana Search & Rescue Workshop,Search & Rescue,d4a716a8-980d-427a-a459-cdc98c0de4fc,1,1,2024-08-31,2024-09-04,30.942266,75.851992,143,COMPLETED
9de4aa4d-98aa-4b87-9320-c4d943a11088,Patiala Fire Safety Workshop,Fire Safety,a95531b8-5c4f-49cb-90d9-da081ad1c8c5,1,2,2024-06-13,2024-06-17,30.356556,76.344571,150,COMPLETED
e631d273-74e0-4b4e-a563-b55b4efa7f8d,Silchar Fire Safety Workshop,Fire Safety,a39afcd1-736c-422d-a44f-512c6738a20a,2,7,2024-06-11,2024-06-14,24.849926,92.734057,23,COMPLETED
53926782-2321-409e-b70b-c13a984b3915,Nashik Medical First Aid Workshop,Medical First Aid,10efda5e-4160-4111-a294-09c6c841609f,5,21,2024-08-18,2024-08-20,19.9606,73.817723,68,COMPLETED
a385420d-1c81-4bd6-ae6e-57c10e840c2a,Patiala Flood Preparedness Workshop,Flood Preparedness,8d0db76c-0930-4117-ae69-724eb1a180b9,1,2,2024-08-11,2024-08-14,30.328842,76.430241,125,COMPLETED
1b272aae-6f71-4a22-898f-dac31a056525,Patiala Flood Preparedness Workshop,Flood Preparedness,d4a716a8-980d-427a-a459-cdc98c0de4fc,1,2,2024-04-26,2024-04-28,30.384536,76.41763,133,COMPLETED
65fad4ef-a4a2-4eeb-a383-bbc491f5eb57,Amritsar Earthquake Response Workshop,Earthquake Response,9c4a5b04-aef9-47cb-8de2-95d65e4477fd,1,3,2024-02-28,2024-03-03,31.597119,74.836306,144,COMPLETED
942aaf7d-32fa-4203-af12-a39714a20f16,Kochi Earthquake Response Workshop,Earthquake Response,8733ecb2-4640-463f-8656-a3f88f619d8c,4,15,2024-04-07,2024-04-10,9.938019,76.221979,111,COMPLETED
ae9832d2-3aca-4b50-b302-a17deb2047d3,Nashik Earthquake Response Workshop,Earthquake Response,8733ecb2-4640-463f-8656-a3f88f619d8c,5,21,2024-04-20,2024-04-24,19.972047,73.744907,25,COMPLETED
563263fa-d7cc-4e3b-8139-c9cf3ad91200,Shimla Cyclone Evacuation Workshop,Cyclone Evacuation,10efda5e-4160-4111-a294-09c6c841609f,6,22,2024-09-06,2024-09-10,31.1367,77.208542,144,COMPLETED
ce3e74bb-c0d7-4407-8a14-6d3838d62269,Silchar Flood Preparedness Workshop,Flood Preparedness,8d0db76c-0930-4117-ae69-724eb1a180b9,2,7,2024-09-25,2024-09-27,24.819869,92.824213,95,COMPLETED
f0ea93f1-8b27-4b27-80f7-b6db9caa10dc,Bhubaneswar Medical First Aid Workshop,Medical First Aid,8733ecb2-4640-463f-8656-a3f88f619d8c,3,10,2024-10-31,2024-11-04,20.318251,85.789419,48,COMPLETED
bf82f506-0d48-44a3-9c24-e3a73b8e88f6,Balasore Community Response Workshop,Community Response,d4a716a8-980d-427a-a459-cdc98c0de4fc,3,13,2024-12-22,2024-12-27,21.455993,86.921542,37,COMPLETED
daa96872-b87d-40bb-85e0-6ac6bb796ed1,Bhubaneswar Medical First Aid Workshop,Medical First Aid,8d0db76c-0930-4117-ae69-724eb1a180b9,3,10,2024-12-24,2024-12-25,20.255467,85.819358,93,COMPLETED
f660fa91-4e75-4ceb-ac5b-f212e4e70fc5,Amritsar Fire Safety Workshop,Fire Safety,8733ecb2-4640-463f-8656-a3f88f619d8c,1,3,2024-05-18,2024-05-21,31.645876,74.892532,69,COMPLETED
87da110e-cd5f-406a-a1d8-ed84c396a4ba,Mandi Cyclone Evacuation Workshop,Cyclone Evacuation,a39afcd1-736c-422d-a44f-512c6738a20a,6,25,2024-11-22,2024-11-26,31.623971,76.909505,24,COMPLETED
17a7bd61-0e20-4987-bf99-e0b3c71f746a,Patiala Flood Preparedness Workshop,Flood Preparedness,8733ecb2-4640-463f-8656-a3f88f619d8c,1,2,2024-10-17,2024-10-20,30.355752,76.409992,124,COMPLETED
08df6b8b-7536-432b-ad89-a5410148bb9e,Cuttack Fire Safety Workshop,Fire Safety,9c4a5b04-aef9-47cb-8de2-95d65e4477fd,3,11,2024-01-07,2024-01-10,20.504399,85.884935,40,COMPLETED
589e044d-5cf9-4b69-bd1e-03bb6043c373,Cuttack Community Response Workshop,Community Response,8d0db76c-0930-4117-ae69-724eb1a180b9,3,11,2024-04-06,2024-04-11,20.451232,85.888001,87,COMPLETED
57e7e4ad-176a-4b49-b62a-f1f36279b3d7,Pune Fire Safety Workshop,Fire Safety,8d0db76c-0930-4117-ae69-724eb1a180b9,5,19,2024-07-02,2024-07-04,18.530269,73.888946,50,COMPLETED
2c9af4ed-0e9d-4657-9e9a-5d6778b0bc2c,Bhubaneswar Flood Preparedness Workshop,Flood Preparedness,10efda5e-4160-4111-a294-09c6c841609f,3,10,2024-03-02,2024-03-05,20.320201,85.784203,84,COMPLETED
c2169e3b-c8ee-41bc-8959-641742e98188,Amritsar Earthquake Response Workshop,Earthquake Response,a39afcd1-736c-422d-a44f-512c6738a20a,1,3,2024-03-11,2024-03-15,31.65572,74.914749,141,COMPLETED
d038e8c0-0e5e-438d-b5d9-802b4dcbaf6c,Nagpur Fire Safety Workshop,Fire Safety,a39afcd1-736c-422d-a44f-512c6738a20a,5,20,2024-07-12,2024-07-17,21.100906,79.058706,41,COMPLETED
1139cf38-ee2f-4640-bd61-e7ae8612b170,Guwahati Cyclone Evacuation Workshop,Cyclone Evacuation,a39afcd1-736c-422d-a44f-512c6738a20a,2,6,2024-01-20,2024-01-22,26.166799,91.756261,67,COMPLETED
0a38c00f-1325-4cbe-b39d-ee28c803155a,Mumbai Cyclone Evacuation Workshop,Cyclone Evacuation,10efda5e-4160-4111-a294-09c6c841609f,5,18,2024-06-17,2024-06-20,19.074766,72.873864,85,COMPLETED
c2692f87-be7d-4285-8a9b-3eb421472a94,Jorhat Medical First Aid Workshop,Medical First Aid,10efda5e-4160-4111-a294-09c6c841609f,2,9,2024-01-24,2024-01-26,26.711137,94.190685,67,COMPLETED
59fee2b8-b17e-44d6-b431-84b4e45f4f77,Dibrugarh Earthquake Response Workshop,Earthquake Response,a39afcd1-736c-422d-a44f-512c6738a20a,2,8,2024-02-13,2024-02-16,27.454186,94.912151,97,COMPLETED
52822bbf-551f-45e7-9c63-b35efa0db4df,Nagpur Landslide Rescue Workshop,Landslide Rescue,a39afcd1-736c-422d-a44f-512c6738a20a,5,20,2024-05-20,2024-05-22,21.159382,79.109202,134,COMPLETED
26a28e7e-f6de-4b60-be1e-a7f448c31036,Nashik Fire Safety Workshop,Fire Safety,8d0db76c-0930-4117-ae69-724eb1a180b9,5,21,2024-10-28,2024-11-01,20.014155,73.837926,139,COMPLETED
21a92b7b-c4c2-48de-a440-496b85bb8d1d,Shimla Fire Safety Workshop,Fire Safety,d4a716a8-980d-427a-a459-cdc98c0de4fc,6,22,2024-01-29,2024-02-02,31.116526,77.15661,57,COMPLETED
641e6850-d065-4c43-8698-63489d5fae8c,Nashik Community Response Workshop,Community Response,a39afcd1-736c-422d-a44f-512c6738a20a,5,21,2024-11-17,2024-11-22,20.018928,73.743598,124,COMPLETED
b95608f5-5ae0-4233-9b36-eab661e3733f,Dibrugarh Community Response Workshop,Community Response,10efda5e-4160-4111-a294-09c6c841609f,2,8,2024-01-10,2024-01-13,27.463026,94.868218,137,COMPLETED
b8bedea4-a3ba-4fe5-a9fb-93e990f8ca68,Wayanad Flood Preparedness Workshop,Flood Preparedness,8733ecb2-4640-463f-8656-a3f88f619d8c,4,17,2024-03-15,2024-03-17,11.682237,76.158488,139,COMPLETED
5b169ca1-be02-4ad6-bd98-52e7e04215af,Shimla Medical First Aid Workshop,Medical First Aid,10efda5e-4160-4111-a294-09c6c841609f,6,22,2024-08-07,2024-08-12,31.115446,77.216379,88,COMPLETED
6101ea4b-516c-4cb2-8201-fd9ac57005f0,Manali Flood Preparedness Workshop,Flood Preparedness,d4a716a8-980d-427a-a459-cdc98c0de4fc,6,23,2024-10-13,2024-10-15,32.231942,77.226162,41,COMPLETED
3d0e81d6-6359-4638-93ba-84137ba5d6d2,Pune Fire Safety Workshop,Fire Safety,8733ecb2-4640-463f-8656-a3f88f619d8c,5,19,2024-12-24,2024-12-27,18.507835,73.903097,105,COMPLETED
9cdbbb36-e83d-4eed-8d29-1587aae739f3,Cuttack Flood Preparedness Workshop,Flood Preparedness,8733ecb2-4640-463f-8656-a3f88f619d8c,3,11,2024-03-23,2024-03-28,20.440724,85.919057,106,COMPLETED
9fbc0380-e8f0-4520-9236-a22b9efc073f,Wayanad Flood Preparedness Workshop,Flood Preparedness,8733ecb2-4640-463f-8656-a3f88f619d8c,4,17,2024-01-15,2024-01-16,11.673267,76.087478,150,COMPLETED
ce799c00-a550-4e0f-81f1-9602a678f00b,Mumbai Fire Safety Workshop,Fire Safety,8d0db76c-0930-4117-ae69-724eb1a180b9,5,18,2024-11-15,2024-11-18,19.099397,72.876288,143,COMPLETED
58fc6115-1cb1-4290-b1be-087eccdbf7d2,Ludhiana Earthquake Response Workshop,Earthquake Response,8d0db76c-0930-4117-ae69-724eb1a180b9,1,1,2024-02-05,2024-02-09,30.928257,75.848162,91,COMPLETED
45ded8ed-d041-415c-9de3-02029817c947,Bhubaneswar Landslide Rescue Workshop,Landslide Rescue,8d0db76c-0930-4117-ae69-724eb1a180b9,3,10,2024-11-02,2024-11-06,20.299385,85.817383,60,COMPLETED
90508379-5bdf-46cf-820f-331243124a40,Nagpur Fire Safety Workshop,Fire Safety,a95531b8-5c4f-49cb-90d9-da081ad1c8c5,5,20,2024-03-21,2024-03-26,21.162418,79.090167,133,COMPLETED
816a1794-259a-4e2c-9408-1a897e62b2ee,Mandi Earthquake Response Workshop,Earthquake Response,9c4a5b04-aef9-47cb-8de2-95d65e4477fd,6,25,2024-10-03,2024-10-05,31.564464,76.909285,30,COMPLETED
16612158-adf4-4012-807e-e6bb6273c0c8,Jorhat Flood Preparedness Workshop,Flood Preparedness,8d0db76c-0930-4117-ae69-724eb1a180b9,2,9,2024-03-23,2024-03-25,26.785364,94.23482,46,COMPLETED
b351d564-1886-4094-bbbc-71c3384edcfe,Kozhikode Cyclone Evacuation Workshop,Cyclone Evacuation,10efda5e-4160-4111-a294-09c6c841609f,4,16,2024-09-01,2024-09-02,11.275686,75.755868,35,COMPLETED
8e2516b9-fc46-4405-b110-bdea80212193,Balasore Search & Rescue Workshop,Search & Rescue,10efda5e-4160-4111-a294-09c6c841609f,3,13,2024-06-30,2024-07-05,21.475012,86.942651,92,COMPLETED
b0fb1f81-c0a8-472e-aaaa-475d34c13f0b,Mandi Cyclone Evacuation Workshop,Cyclone Evacuation,10efda5e-4160-4111-a294-09c6c841609f,6,25,2024-10-12,2024-10-17,31.587005,76.951898,98,COMPLETED
f8f4549a-24bc-4cce-9fc9-3e98792a5c35,Shimla Cyclone Evacuation Workshop,Cyclone Evacuation,8733ecb2-4640-463f-8656-a3f88f619d8c,6,22,2024-07-13,2024-07-17,31.111896,77.205111,46,COMPLETED
e7979ecd-f1c9-4ead-9739-57b97709bd8d,Pune Medical First Aid Workshop,Medical First Aid,8733ecb2-4640-463f-8656-a3f88f619d8c,5,19,2024-10-24,2024-10-25,18.512337,73.870918,49,COMPLETED
f20a3fbf-0fc7-4677-871d-cb14617d45f1,Amritsar Flood Preparedness Workshop,Flood Preparedness,a95531b8-5c4f-49cb-90d9-da081ad1c8c5,1,3,2024-07-23,2024-07-27,31.591157,74.846669,149,COMPLETED
ce411e8b-a560-4468-8e18-4a6450ddf0cb,Bhubaneswar Flood Preparedness Workshop,Flood Preparedness,a95531b8-5c4f-49cb-90d9-da081ad1c8c5,3,10,2024-06-22,2024-06-26,20.261953,85.846813,134,COMPLETED
0900aa88-b470-4b21-a804-c441a96b6f18,Dibrugarh Landslide Rescue Workshop,Landslide Rescue,d4a716a8-980d-427a-a459-cdc98c0de4fc,2,8,2024-09-22,2024-09-24,27.446829,94.86952,107,COMPLETED
fbea0834-7da6-4966-a9c2-010580e89ff2,Amritsar Fire Safety Workshop,Fire Safety,9c4a5b04-aef9-47cb-8de2-95d65e4477fd,1,3,2024-08-27,2024-08-29,31.601135,74.843184,22,COMPLETED
13c3cf74-34b2-4be5-ba2b-1b99b3ab82a3,Guwahati Earthquake Response Workshop,Earthquake Response,8d0db76c-0930-4117-ae69-724eb1a180b9,2,6,2024-10-14,2024-10-15,26.123811,91.72101,97,COMPLETED
9826abed-edb2-4cbb-b159-54390dfabdeb,Thiruvananthapuram Flood Preparedness Workshop,Flood Preparedness,d4a716a8-980d-427a-a459-cdc98c0de4fc,4,14,2024-10-16,2024-10-17,8.512428,76.903288,146,COMPLETED
90ed1f64-fa22-4f99-ae53-fffb0d3b3036,Amritsar Cyclone Evacuation Workshop,Cyclone Evacuation,9c4a5b04-aef9-47cb-8de2-95d65e4477fd,1,3,2024-04-22,2024-04-26,31.66384,74.824321,131,COMPLETED
43422c96-be48-4807-abb5-bd2de6d794ba,Pune Medical First Aid Workshop,Medical First Aid,a95531b8-5c4f-49cb-90d9-da081ad1c8c5,5,19,2024-10-21,2024-10-24,18.488014,73.817031,52,COMPLETED
e860f3ab-5e9c-490b-95f1-1a46b9137227,Puri Landslide Rescue Workshop,Landslide Rescue,9c4a5b04-aef9-47cb-8de2-95d65e4477fd,3,12,2024-11-21,2024-11-24,19.823663,85.849332,86,COMPLETED
ee0ffe88-4ff9-41c3-9d86-cd348ec36c18,Kochi Search & Rescue Workshop,Search & Rescue,a39afcd1-736c-422d-a44f-512c6738a20a,4,15,2024-03-28,2024-04-02,9.930282,76.310888,51,COMPLETED
d306a479-0c8b-4eef-be81-f28ea96db5ea,Manali Medical First Aid Workshop,Medical First Aid,8d0db76c-0930-4117-ae69-724eb1a180b9,6,23,2024-07-08,2024-07-09,32.218048,77.158954,126,COMPLETED
4d551fe4-7d57-4063-aabf-30eac199b807,Cuttack Community Response Workshop,Community Response,d4a716a8-980d-427a-a459-cdc98c0de4fc,3,11,2024-10-27,2024-11-01,20.445973,85.908055,37,COMPLETED
f6662490-4941-41e8-b93c-d7365bb8187e,Nagpur Community Response Workshop,Community Response,d4a716a8-980d-427a-a459-cdc98c0de4fc,5,20,2024-03-29,2024-04-01,21.189692,79.094358,71,COMPLETED
515f9c6a-a134-43e4-ae44-5d02639f2bfd,Guwahati Fire Safety Workshop,Fire Safety,d4a716a8-980d-427a-a459-cdc98c0de4fc,2,6,2024-07-16,2024-07-20,26.116736,91.688406,63,COMPLETED
694211d9-2604-4ef5-9608-3a7114477ad4,Cuttack Medical First Aid Workshop,Medical First Aid,8d0db76c-0930-4117-ae69-724eb1a180b9,3,11,2024-10-10,2024-10-13,20.50837,85.838824,110,COMPLETED
d19783f8-f124-4790-a5a3-911f399bc98a,Pune Community Response Workshop,Community Response,9c4a5b04-aef9-47cb-8de2-95d65e4477fd,5,19,2024-11-16,2024-11-21,18.520926,73.857166,25,COMPLETED
c4df7525-707b-431a-beaf-379a08b4c5a1,Bhubaneswar Earthquake Response Workshop,Earthquake Response,10efda5e-4160-4111-a294-09c6c841609f,3,10,2024-03-27,2024-04-01,20.311279,85.857708,46,COMPLETED
986a7f2f-3173-4fbd-b864-8e44cbf9718c,Mumbai Flood Preparedness Workshop,Flood Preparedness,8733ecb2-4640-463f-8656-a3f88f619d8c,5,18,2024-05-14,2024-05-16,19.052822,72.853581,22,COMPLETED
f4d26982-b63f-4b94-be6b-81a2a02d11f3,Bhubaneswar Community Response Workshop,Community Response,a95531b8-5c4f-49cb-90d9-da081ad1c8c5,3,10,2024-01-10,2024-01-12,20.278868,85.800165,97,COMPLETED
49b8cc80-49b0-42cb-b13f-2b4fca09978d,Balasore Community Response Workshop,Community Response,d4a716a8-980d-427a-a459-cdc98c0de4fc,3,13,2024-07-23,2024-07-26,21.508725,86.979523,49,COMPLETED
6558f79d-079a-4347-bfa6-d24258e16d13,Shimla Cyclone Evacuation Workshop,Cyclone Evacuation,9c4a5b04-aef9-47cb-8de2-95d65e4477fd,6,22,2024-05-02,2024-05-07,31.081944,77.180815,29,COMPLETED
1c68a34a-f0a3-4519-a36a-8eca54774378,Pune Flood Preparedness Workshop,Flood Preparedness,a95531b8-5c4f-49cb-90d9-da081ad1c8c5,5,19,2024-09-25,2024-09-29,18.53486,73.870952,95,COMPLETED
04b6dfe6-dac4-40be-9edd-02b244cabe4e,Balasore Search & Rescue Workshop,Search & Rescue,8d0db76c-0930-4117-ae69-724eb1a180b9,3,13,2024-11-04,2024-11-09,21.452134,86.947092,30,COMPLETED
bb02c85f-99c5-4b5d-b442-79b85807b894,Ludhiana Fire Safety Workshop,Fire Safety,a39afcd1-736c-422d-a44f-512c6738a20a,1,1,2024-04-03,2024-04-05,30.879492,75.81747,59,COMPLETED
c71b619d-d386-4fe8-8d09-b9eff3a0468f,Pune Search & Rescue Workshop,Search & Rescue,d4a716a8-980d-427a-a459-cdc98c0de4fc,5,19,2024-11-05,2024-11-07,18.510735,73.855561,71,COMPLETED
89c0f41d-9c8a-4e92-89e1-1210935a3224,Dharamshala Earthquake Response Workshop,Earthquake Response,8d0db76c-0930-4117-ae69-724eb1a180b9,6,24,2024-03-26,2024-03-29,32.24963,76.324988,133,COMPLETED
489947bf-2c08-43f4-84cd-34d64bf4dcb5,Thiruvananthapuram Medical First Aid Workshop,Medical First Aid,8d0db76c-0930-4117-ae69-724eb1a180b9,4,14,2024-07-04,2024-07-05,8.491357,76.977172,77,COMPLETED
d476a753-8338-40d0-8ca1-ab52cb34b6f5,Kozhikode Landslide Rescue Workshop,Landslide Rescue,a39afcd1-736c-422d-a44f-512c6738a20a,4,16,2024-05-30,2024-05-31,11.270357,75.822398,101,COMPLETED
c919c001-599c-47d2-9eb8-4c0b0c078c68,Wayanad Landslide Rescue Workshop,Landslide Rescue,9c4a5b04-aef9-47cb-8de2-95d65e4477fd,4,17,2024-12-18,2024-12-21,11.674342,76.145351,68,COMPLETED
80f42e36-cb6a-4588-bf45-d276a7915d57,Manali Search & Rescue Workshop,Search & Rescue,9c4a5b04-aef9-47cb-8de2-95d65e4477fd,6,23,2024-08-05,2024-08-08,32.280833,77.229609,68,COMPLETED
d13f4c55-467c-4dce-aec3-bcb07d6f301b,Balasore Earthquake Response Workshop,Earthquake Response,a39afcd1-736c-422d-a44f-512c6738a20a,3,13,2024-04-15,2024-04-19,21.44952,86.899454,99,COMPLETED
e9564679-1f65-4f32-b4cc-b93ee5421d68,Mohali Fire Safety Workshop,Fire Safety,9c4a5b04-aef9-47cb-8de2-95d65e4477fd,1,4,2024-12-05,2024-12-09,30.677093,76.765167,88,COMPLETED
0f3bb678-046b-4b3b-b1c1-0c33aa081fb6,Amritsar Earthquake Response Workshop,Earthquake Response,a95531b8-5c4f-49cb-90d9-da081ad1c8c5,1,3,2024-05-19,2024-05-20,31.622134,74.863689,68,COMPLETED
f1e0f63a-ba79-4db6-9c7d-fb05c3a0a484,Patiala Medical First Aid Workshop,Medical First Aid,10efda5e-4160-4111-a294-09c6c841609f,1,2,2024-06-20,2024-06-21,30.321038,76.42703,110,COMPLETED
05d0c29d-c81d-452a-addc-46a1cde0da46,Mumbai Cyclone Evacuation Workshop,Cyclone Evacuation,8733ecb2-4640-463f-8656-a3f88f619d8c,5,18,2024-02-20,2024-02-24,19.053901,72.895854,58,COMPLETED
f121fe07-9ca5-4264-bd7b-0821fb0ca9f9,Dibrugarh Medical First Aid Workshop,Medical First Aid,8d0db76c-0930-4117-ae69-724eb1a180b9,2,8,2024-11-12,2024-11-17,27.486622,94.923,92,COMPLETED
cdb99090-c7e6-43f1-9577-061043a418e9,Mandi Earthquake Response Workshop,Earthquake Response,8d0db76c-0930-4117-ae69-724eb1a180b9,6,25,2024-08-22,2024-08-27,31.581235,76.902379,118,COMPLETED
a1f4f255-2214-41a8-a770-6eba4e9de87e,Guwahati Medical First Aid Workshop,Medical First Aid,8d0db76c-0930-4117-ae69-724eb1a180b9,2,6,2024-07-07,2024-07-09,26.104662,91.695712,128,COMPLETED
4acae961-55e9-4b2e-9e5e-da52a6c4cb45,Ludhiana Cyclone Evacuation Workshop,Cyclone Evacuation,8d0db76c-0930-4117-ae69-724eb1a180b9,1,1,2024-02-12,2024-02-16,30.904014,75.835966,44,COMPLETED
477b01af-785d-4de8-9b60-5603579cb732,Silchar Community Response Workshop,Community Response,a39afcd1-736c-422d-a44f-512c6738a20a,2,7,2024-04-10,2024-04-12,24.868127,92.791896,58,COMPLETED
46213e32-bb78-4cd7-9954-ad5954d29392,Nagpur Search & Rescue Workshop,Search & Rescue,8d0db76c-0930-4117-ae69-724eb1a180b9,5,20,2024-06-28,2024-07-01,21.109158,79.06668,115,COMPLETED
4b93e5ae-6d33-41ca-9290-239fbe232551,Jalandhar Cyclone Evacuation Workshop,Cyclone Evacuation,9c4a5b04-aef9-47cb-8de2-95d65e4477fd,1,5,2024-10-07,2024-10-09,31.284327,75.59586,47,COMPLETED
474dcc45-3d3a-415b-9b94-f2827dfd526d,Mohali Medical First Aid Workshop,Medical First Aid,d4a716a8-980d-427a-a459-cdc98c0de4fc,1,4,2024-12-16,2024-12-17,30.702913,76.692826,94,COMPLETED
df312a2b-8b13-4793-97b6-003568b07b2a,Nagpur Cyclone Evacuation Workshop,Cyclone Evacuation,8d0db76c-0930-4117-ae69-724eb1a180b9,5,20,2024-12-18,2024-12-23,21.109401,79.109372,77,COMPLETED
d5520925-2d02-4bd7-bcf1-bb3055a1b2c8,Wayanad Community Response Workshop,Community Response,9c4a5b04-aef9-47cb-8de2-95d65e4477fd,4,17,2024-06-28,2024-07-03,11.694534,76.174924,26,COMPLETED
6d09f015-00ea-4722-be62-12eea3d77218,Nagpur Medical First Aid Workshop,Medical First Aid,9c4a5b04-aef9-47cb-8de2-95d65e4477fd,5,20,2024-09-07,2024-09-08,21.106739,79.125953,147,COMPLETED
ab0533ba-6ce1-4b46-a532-b71d2cf46882,Amritsar Earthquake Response Workshop,Earthquake Response,10efda5e-4160-4111-a294-09c6c841609f,1,3,2024-10-02,2024-10-05,31.674441,74.851235,114,COMPLETED
ea25518b-797e-4228-a162-e69f4abab51f,Manali Landslide Rescue Workshop,Landslide Rescue,10efda5e-4160-4111-a294-09c6c841609f,6,23,2024-11-30,2024-12-03,32.281837,77.188461,42,COMPLETED
f144862d-6b87-4b09-a777-ab5212e4a071,Nagpur Search & Rescue Workshop,Search & Rescue,8733ecb2-4640-463f-8656-a3f88f619d8c,5,20,2024-07-23,2024-07-27,21.122305,79.128788,149,COMPLETED
983e9e01-23b5-43ab-80a9-4ef299d8390f,Mandi Medical First Aid Workshop,Medical First Aid,9c4a5b04-aef9-47cb-8de2-95d65e4477fd,6,25,2024-04-29,2024-05-02,31.561409,76.904441,29,COMPLETED
0b887bf3-ecd3-4b5c-bb93-f7fe6e5ed673,Mandi Earthquake Response Workshop,Earthquake Response,9c4a5b04-aef9-47cb-8de2-95d65e4477fd,6,25,2024-04-16,2024-04-20,31.619461,76.970376,41,COMPLETED
d35cb68f-c5cb-4a28-8288-43c846425bf2,Nashik Landslide Rescue Workshop,Landslide Rescue,a39afcd1-736c-422d-a44f-512c6738a20a,5,21,2024-04-16,2024-04-17,19.967277,73.768079,55,COMPLETED
f05a922b-9215-4066-8485-8e93442bee70,Amritsar Search & Rescue Workshop,Search & Rescue,a39afcd1-736c-422d-a44f-512c6738a20a,1,3,2024-02-13,2024-02-15,31.591098,74.869276,67,COMPLETED
c3e886ef-ef94-4f08-b654-2d474aded739,Jorhat Search & Rescue Workshop,Search & Rescue,d4a716a8-980d-427a-a459-cdc98c0de4fc,2,9,2024-04-30,2024-05-01,26.718926,94.229412,65,COMPLETED
51989872-c5c8-4333-acda-d4b43696d7c1,Thiruvananthapuram Landslide Rescue Workshop,Landslide Rescue,a39afcd1-736c-422d-a44f-512c6738a20a,4,14,2024-07-14,2024-07-19,8.556729,76.982388,68,COMPLETED
76bed6f2-c17a-44e3-b79a-21966402121e,Puri Flood Preparedness Workshop,Flood Preparedness,10efda5e-4160-4111-a294-09c6c841609f,3,12,2024-09-23,2024-09-24,19.785585,85.837318,58,COMPLETED
8576a1cd-a0bd-4a3c-b1d7-60e3b79e44e3,Bhubaneswar Flood Preparedness Workshop,Flood Preparedness,d4a716a8-980d-427a-a459-cdc98c0de4fc,3,10,2024-07-24,2024-07-26,20.270504,85.811231,126,COMPLETED
9744d73a-a658-449f-9116-57283d3f16f7,Thiruvananthapuram Earthquake Response Workshop,Earthquake Response,d4a716a8-980d-427a-a459-cdc98c0de4fc,4,14,2024-03-22,2024-03-24,8.561968,76.914928,147,COMPLETED
7642843c-36f8-4afe-84fd-cbb84c70723c,Dharamshala Community Response Workshop,Community Response,9c4a5b04-aef9-47cb-8de2-95d65e4477fd,6,24,2024-06-19,2024-06-21,32.24627,76.332798,123,COMPLETED
29e9a0c7-ab18-4715-91b9-0356ac9803ca,Manali Fire Safety Workshop,Fire Safety,a95531b8-5c4f-49cb-90d9-da081ad1c8c5,6,23,2024-06-07,2024-06-09,32.247417,77.139273,71,COMPLETED
c496d197-f4c5-4197-bc7a-83e33b67c848,Balasore Community Response Workshop,Community Response,8733ecb2-4640-463f-8656-a3f88f619d8c,3,13,2024-12-02,2024-12-07,21.502875,86.97193,143,COMPLETED
0f18691c-4fd1-4925-80ae-e3547c165d70,Pune Search & Rescue Workshop,Search & Rescue,9c4a5b04-aef9-47cb-8de2-95d65e4477fd,5,19,2024-05-02,2024-05-06,18.55801,73.88788,75,COMPLETED
6c8b61c5-dca7-47f5-a54d-bc35af9f8bd7,Dibrugarh Community Response Workshop,Community Response,8d0db76c-0930-4117-ae69-724eb1a180b9,2,8,2024-10-12,2024-10-15,27.502162,94.895393,71,COMPLETED
641b5bc4-7abb-4d79-9d9b-3c1791188ca9,Jorhat Fire Safety Workshop,Fire Safety,10efda5e-4160-4111-a294-09c6c841609f,2,9,2024-03-24,2024-03-27,26.734324,94.212377,90,COMPLETED
